distribution,symbols,codec,payload_bytes,bits_per_symbol,encode_ns_per_symbol,decode_ns_per_symbol,encode_ns_per_block,decode_ns_per_block
uniform256,4096,delayed16,4098,8.0039,5.0535,4.3383,20699.2656,17769.7344
uniform256,4096,delayed24,4098,8.0039,4.9767,4.3388,20384.7344,17771.6406
uniform256,4096,delayed32,4100,8.0078,5.2725,4.3969,21596.0938,18009.7812
uniform256,4096,delayed24_direct_encode,4098,8.0039,6.5076,4.3380,26655.1094,17768.5469
uniform256,4096,delayed24_direct_decode,4098,8.0039,5.0357,4.6609,20626.1094,19091.0469
uniform256,4096,delayed24_direct_both,4098,8.0039,6.5205,4.6716,26707.8594,19135.0625
uniform256,4096,delayed24_4,4104,8.0156,5.0534,3.0258,20698.9062,12393.7031
uniform256,4096,delayed24_4_direct_encode,4104,8.0156,4.3522,3.0194,17826.6406,12367.6250
uniform256,4096,delayed24_4_direct_both,4104,8.0156,4.3610,2.7386,17862.7812,11217.3281
uniform256,4096,rans_byte_1,4100,8.0078,3.3023,7.2766,13526.2500,29805.1094
uniform256,4096,rans_byte_4,4112,8.0312,1.6193,2.3238,6632.7344,9518.2031
uniform256,4096,rans64_1,4104,8.0156,3.0033,6.7719,12301.3125,27737.5312
uniform256,4096,rans64_4,4128,8.0625,1.5849,2.1977,6491.8594,9001.9219
uniform256,4096,rans_alias_1,4100,8.0078,10.4861,7.6481,42951.0781,31326.7969
uniform256,4096,rans_alias_4,4112,8.0312,3.2727,2.3368,13405.1406,9571.7031
uniform16,4096,delayed16,2050,4.0039,4.9233,5.8592,20165.8125,23999.4375
uniform16,4096,delayed24,2052,4.0078,5.1509,5.8571,21098.0312,23990.5156
uniform16,4096,delayed32,2052,4.0078,5.2791,5.9476,21623.3281,24361.2969
uniform16,4096,delayed24_direct_encode,2052,4.0078,7.9229,5.8549,32452.2344,23981.6562
uniform16,4096,delayed24_direct_decode,2052,4.0078,5.1314,5.9727,21018.1094,24463.9844
uniform16,4096,delayed24_direct_both,2052,4.0078,7.9513,6.0044,32568.4219,24593.9062
uniform16,4096,delayed24_4,2064,4.0312,4.9636,2.9617,20330.9219,12130.9844
uniform16,4096,delayed24_4_direct_encode,2064,4.0312,4.3230,2.9723,17707.1562,12174.3438
uniform16,4096,delayed24_4_direct_both,2064,4.0312,4.3335,2.7336,17750.0469,11196.7812
uniform16,4096,rans_byte_1,2052,4.0078,3.1116,6.7756,12745.2031,27752.7969
uniform16,4096,rans_byte_4,2064,4.0312,1.4850,2.1895,6082.6875,8968.2031
uniform16,4096,rans64_1,2056,4.0156,2.9532,6.4815,12096.2188,26548.1094
uniform16,4096,rans64_4,2080,4.0625,1.5737,2.1274,6445.9375,8713.7969
uniform16,4096,rans_alias_1,2052,4.0078,10.2425,7.2706,41953.3906,29780.3594
uniform16,4096,rans_alias_4,2064,4.0312,3.2140,2.2316,13164.5938,9140.8281
skewed,4096,delayed16,2540,4.9609,15.6081,9.1274,63930.8438,37385.6719
skewed,4096,delayed24,2540,4.9609,15.5373,9.2686,63640.6094,37964.3281
skewed,4096,delayed32,2540,4.9609,15.9150,9.7161,65187.9844,39797.1562
skewed,4096,delayed24_direct_encode,2540,4.9609,7.8593,9.3703,32191.7656,38380.7031
skewed,4096,delayed24_direct_decode,2540,4.9609,15.5535,6.0800,63707.0625,24903.6562
skewed,4096,delayed24_direct_both,2540,4.9609,7.8710,5.8703,32239.6562,24044.5938
skewed,4096,delayed24_4,2550,4.9805,12.7226,2.9887,52111.7500,12241.6406
skewed,4096,delayed24_4_direct_encode,2550,4.9805,7.3190,3.0398,29978.7031,12451.1719
skewed,4096,delayed24_4_direct_both,2550,4.9805,7.3409,2.7742,30068.3906,11363.0625
skewed,4096,rans_byte_1,2539,4.9590,3.1474,6.9787,12891.9375,28584.7969
skewed,4096,rans_byte_4,2549,4.9785,1.5231,2.9893,6238.7969,12244.1719
skewed,4096,rans64_1,2540,4.9609,3.0931,6.9022,12669.1406,28271.2344
skewed,4096,rans64_4,2556,4.9922,1.7212,2.1600,7049.9688,8847.4844
skewed,4096,rans_alias_1,2539,4.9590,10.3769,7.3530,42503.6406,30117.9688
skewed,4096,rans_alias_4,2549,4.9785,3.2399,2.2587,13270.6719,9251.7031
near_constant,4096,delayed16,32,0.0625,30.4497,7.4059,124721.9219,30334.6719
near_constant,4096,delayed24,32,0.0625,30.4325,7.4031,124651.6719,30323.1406
near_constant,4096,delayed32,32,0.0625,30.8018,7.5737,126164.1094,31021.9844
near_constant,4096,delayed24_direct_encode,32,0.0625,9.3736,7.3980,38394.4062,30302.3750
near_constant,4096,delayed24_direct_decode,32,0.0625,30.4325,7.7907,124651.6406,31910.8750
near_constant,4096,delayed24_direct_both,32,0.0625,9.3601,7.8181,38338.7656,32022.9531
near_constant,4096,delayed24_4,40,0.0781,15.9671,2.8850,65401.2812,11816.9062
near_constant,4096,delayed24_4_direct_encode,40,0.0781,4.5979,2.8916,18833.0156,11843.9844
near_constant,4096,delayed24_4_direct_both,40,0.0781,4.6340,2.7997,18980.8281,11467.6562
near_constant,4096,rans_byte_1,30,0.0586,2.9372,6.4402,12030.8594,26378.9375
near_constant,4096,rans_byte_4,40,0.0781,1.4232,2.1213,5829.3438,8688.8750
near_constant,4096,rans64_1,32,0.0625,2.9204,6.3831,11962.1250,26145.3594
near_constant,4096,rans64_4,52,0.1016,1.6359,2.1142,6700.5469,8659.8125
near_constant,4096,rans_alias_1,30,0.0586,10.1111,6.8824,41415.2500,28190.3906
near_constant,4096,rans_alias_4,40,0.0781,3.1710,2.1357,12988.4062,8747.7969
